"Institution","State","Link","Roster","Conference"
"Calvin College","Michigan","https://calvin.prestosports.com/sports/wvball/index","https://calvin.prestosports.com/sports/wvball/2021-22/roster","Michigan Intercollegiate Athletic Association"
"Hope College","Michigan","https://athletics.hope.edu/sports/wvball/index","https://athletics.hope.edu/sports/wvball/2021-22/roster","Michigan Intercollegiate Athletic Association"
"Trine University","Indiana","https://trine.prestosports.com/sports/wvball/index","https://trine.prestosports.com/sports/wvball/2021-22/roster","Michigan Intercollegiate Athletic Association"
"Alma College","Michigan","http://almascots.com/sports/wvball/index","http://almascots.com/sports/wvball/2021-22/roster","Michigan Intercollegiate Athletic Association"
"Albion College","Michigan","https://albion.prestosports.com/sports/wvball/index","https://albion.prestosports.com/sports/wvball/2021-22/roster","Michigan Intercollegiate Athletic Association"
"Saint Mary's College","Indiana","https://belles.saintmarys.edu/sports/wvball/index","https://belles.saintmarys.edu/sports/wvball/2021-22/roster","Michigan Intercollegiate Athletic Association"
"Olivet College","Michigan","https://olivet.prestosports.com/sports/wvball/index","https://olivet.prestosports.com/sports/wvball/2021-22/roster","Michigan Intercollegiate Athletic Association"
"Adrian College","Michigan","https://adrian.prestosports.com/sports/w-volley/index","https://adrian.prestosports.com/sports/w-volley/2021-22/roster","Michigan Intercollegiate Athletic Association"
"Kalamazoo College","Michigan","https://hornets.kzoo.edu/sports/wvball/index","https://hornets.kzoo.edu/sports/wvball/2021-22/roster","Michigan Intercollegiate Athletic Association"
"Meredith College","North Carolina","https://www.goavengingangels.com/sports/wvball/index","https://www.goavengingangels.com/sports/wvball/2021-22/roster","USA South Athletic Conference"
"William Peace College","North Carolina","https://gopeacepacers.com/index.aspx?path=wvball","https://gopeacepacers.com/roster.aspx?path=wvball","USA South Athletic Conference"
"Averett University","Virginia","https://averettcougars.com/sports/womens-volleyball","https://averettcougars.com/sports/womens-volleyball/roster","USA South Athletic Conference"
"Salem College","North Carolina","http://www.salemspirits.com/sports/wvball/index","http://www.salemspirits.com/sports/wvball/2021-22/roster","USA South Athletic Conference"
"Methodist University","North Carolina","https://mumonarchs.com/sports/womens-volleyball","https://mumonarchs.com/sports/womens-volleyball/roster","USA South Athletic Conference"
"Pfeiffer University","North Carolina","https://www.gofalconsports.com/sports/wvball/index","https://gofalconsports.com/sports/womens-volleyball/roster?path=wvball","USA South Athletic Conference"
"North Carolina Wesleyan College Athletics","North Carolina","http://www.ncwcsports.com/sports/wvball/index","http://www.ncwcsports.com/sports/wvball/2021-22/roster","USA South Athletic Conference"
"Greensboro College","North Carolina","https://greensborocollegesports.com/sports/womens-volleyball","https://greensborocollegesports.com/sports/womens-volleyball/roster","USA South Athletic Conference"
"Mary Baldwin University","Virginia","https://www.marybaldwinathletics.com/sports/wvball/index","https://www.marybaldwinathletics.com/sports/wvball/2021-22/roster","USA South Athletic Conference"
"Covenant College","Georgia","https://athletics.covenant.edu/sports/wvball/index","https://athletics.covenant.edu/sports/womens-volleyball/roster","USA South Athletic Conference"
"Huntingdon College","Alabama","https://www.huntingdonhawks.com/sports/wvball/index","https://www.huntingdonhawks.com/sports/wvball/2021-22/roster","USA South Athletic Conference"
"Maryville College","Tennessee","https://www.mcscots.com/sports/wvball/index","https://www.mcscots.com/sports/wvball/2021-22/roster","USA South Athletic Conference"
"Piedmont College","Georgia","https://piedmontlions.com/sports/womens-volleyball","https://piedmontlions.com/sports/womens-volleyball/roster","USA South Athletic Conference"
"Lagrange College","Georgia","https://www.lagrangepanthers.com/sports/wvball/index","https://www.lagrangepanthers.com/sports/wvball/2021-22/roster","USA South Athletic Conference"
"Agnes Scott College","Georgia","https://ascscotties.com/sports/wvball/index","https://ascscotties.com/sports/wvball/2021-22/roster","USA South Athletic Conference"
"Brevard College","North Carolina","https://bctornados.com/sports/wvball/index","https://bctornados.com/sports/wvball/2021-22/roster","USA South Athletic Conference"
"Berea College","Kentucky","https://bereaathletics.prestosports.com/sports/wvball/index","https://bctornados.com/sports/wvball/2021-22/roster","USA South Athletic Conference"
"Johnson and Wales University - Rhode Island","Rhode Island","https://providence.jwuathletics.com/sports/wvball/index","https://providence.jwuathletics.com/sports/wvball/2021-22/roster","Great Northeast Athletic Conference"
"Simmons University","Massachusetts","http://athletics.simmons.edu/sports/wvball/index","http://athletics.simmons.edu/sports/wvball/2021-22/roster","Great Northeast Athletic Conference"
"Rivier University","New Hampshire","https://www.rivierathletics.com/sports/wvball/index","https://www.rivierathletics.com/sports/wvball/2021-22/roster","Great Northeast Athletic Conference"
"Norwich University","Vermont","https://www.norwichathletics.com/sports/wvball/index","https://www.norwichathletics.com/sports/wvball/2021-22/roster","Great Northeast Athletic Conference"
"Colby-Sawyer College","New Hampshire","https://www.colby-sawyerathletics.com/index.aspx?path=wvball","https://www.colby-sawyerathletics.com/roster.aspx?path=wvball","Great Northeast Athletic Conference"
"Regis College","Massachusetts","https://www.goregispride.com/sports/wvball/index","https://www.goregispride.com/sports/wvball/2021-22/roster","Great Northeast Athletic Conference"
"Lasell University","Massachusetts","https://laserpride.lasell.edu/sports/wvball/index","https://laserpride.lasell.edu/sports/wvball/2021-22/roster","Great Northeast Athletic Conference"
"University of Saint Joseph's","Connecticut","http://usjbluejays.com/sports/wvball/index","http://usjbluejays.com/sports/wvball/2021-22/roster","Great Northeast Athletic Conference"
"Saint Joseph's College of Maine","Maine","https://www.gomonks.com/sports/wvball/index","https://www.colby-sawyerathletics.com/roster.aspx?path=wvball","Great Northeast Athletic Conference"
"Emmanuel College","Massachusetts","https://www.goecsaints.com/sports/w-volley/index","https://www.goecsaints.com/sports/w-volley/2021-22/roster","Great Northeast Athletic Conference"
"Albertus Magnus College","Connecticut","https://www.albertusfalcons.com/sports/wvball/index","https://www.albertusfalcons.com/sports/wvball/2021-22/roster","Great Northeast Athletic Conference"
"Anna Maria College","Massachusetts","https://www.goamcats.com/sports/wvball/index","https://www.goamcats.com/sports/wvball/2021-22/roster","Great Northeast Athletic Conference"
"Stevenson University","Maryland","https://www.gomustangsports.com/sports/wvball/index","https://www.gomustangsports.com/sports/wvball/2021-22/roster","MAC Commonwealth Conference"
"Arcadia University","Pennsylvania","https://arcadiaknights.com/sports/womens-volleyball","https://arcadiaknights.com/roster.aspx?path=wvball","MAC Commonwealth Conference"
"Messiah College","Pennsylvania","https://gomessiah.com/sports/womens-volleyball","https://gomessiah.com/sports/womens-volleyball/roster","MAC Commonwealth Conference"
"Lycoming College","Pennsylvania","https://lycomingathletics.com/sports/womens-volleyball","https://lycomingathletics.com/roster.aspx?path=wvball","MAC Commonwealth Conference"
"Lebanon Valley College","Pennsylvania","https://godutchmen.com/sports/womens-volleyball","https://godutchmen.com/roster.aspx?path=wvball","MAC Commonwealth Conference"
"Widener University","Pennsylvania","https://widenerpride.com/sports/womens-volleyball","https://widenerpride.com/roster.aspx?path=wvball","MAC Commonwealth Conference"
"Albright College","Pennsylvania","https://albrightathletics.com/sports/womens-volleyball","https://albrightathletics.com/roster.aspx?path=wvball","MAC Commonwealth Conference"
"Alvernia University","Pennsylvania","https://auwolves.com/sports/womens-volleyball","https://auwolves.com/roster.aspx?path=wvball","MAC Commonwealth Conference"
"Hood College","Maryland","https://www.hoodathletics.com/sports/wvball/index","https://hoodathletics.com/roster.aspx?path=wvball","MAC Commonwealth Conference"
"St. John Fisher","New York","https://athletics.sjfc.edu/sports/womens-volleyball","https://athletics.sjfc.edu/sports/womens-volleyball/roster","Empire 8"
"Houghton College","New York","https://athletics.houghton.edu/sports/womens-volleyball","https://athletics.houghton.edu/sports/womens-volleyball/roster/2021","Empire 8"
"Nazareth College","Illinois","https://nazathletics.com/sports/womens-volleyball","https://nazathletics.com/sports/womens-volleyball/roster","Empire 8"
"Elmira College","New York","https://athletics.elmira.edu/sports/womens-volleyball","https://athletics.elmira.edu/sports/womens-volleyball/roster","Empire 8"
"Hartwick College","New York","https://www.hartwickhawks.com/sports/womens-volleyball","https://www.hartwickhawks.com/sports/womens-volleyball/roster","Empire 8"
"Alfred University","New York","https://gosaxons.com/sports/womens-volleyball","https://gosaxons.com/sports/womens-volleyball/roster","Empire 8"
"The Sage Colleges","New York","https://www.sagegators.com/sports/wvball/index","https://www.sagegators.com/sports/wvball/2021-22/roster","Empire 8"
"Utica College","New York","https://ucpioneers.com/sports/womens-volleyball","https://ucpioneers.com/sports/womens-volleyball/roster","Empire 8"
"Penn State Behrend","Pennsylvania","https://www.psblions.com/sports/wvball/index","https://www.psblions.com/sports/wvball/2021-22/roster","Allegheny Mountain Collegiate Conference"
"Mount Aloysius College","Pennsylvania","https://mountieathletics.com/sports/womens-volleyball","https://mountieathletics.com/sports/womens-volleyball/roster","Allegheny Mountain Collegiate Conference"
"University of Pittsburgh - Bradford","Pennsylvania","https://athletics.pittbradford.org/sports/wvball/index","https://athletics.pittbradford.org/sports/wvball/index","Allegheny Mountain Collegiate Conference"
"Penn State Altoona","Pennsylvania","https://www.psaltoonalions.com/sports/wvball/index","https://www.psaltoonalions.com/sports/wvball/2021-22/roster","Allegheny Mountain Collegiate Conference"
"Franciscan University of Steubenville","Pennsylvania","https://franciscanathletics.com/sports/womens-volleyball","https://franciscanathletics.com/sports/womens-volleyball/roster","Allegheny Mountain Collegiate Conference"
"La Roche University","Pennsylvania","https://www.larochesports.com/sports/wvball/index","https://larochesports.com/sports/wvball/2021-22/roster","Allegheny Mountain Collegiate Conference"
"Medaille College","New York","https://medaillesports.com/sports/womens-volleyball","https://medaillesports.com/sports/womens-volleyball/roster","Allegheny Mountain Collegiate Conference"
"Alfred State College","New York","https://alfredstate.prestosports.com/sports/wvball/index","https://alfredstate.prestosports.com/sports/wvball/2021-22/roster","Allegheny Mountain Collegiate Conference"
"University of Pittsburgh - Greensburg","Pennsylvania","https://pittgreensburgathletics.com/sports/womens-volleyball","https://pittgreensburgathletics.com/sports/womens-volleyball/roster","Allegheny Mountain Collegiate Conference"
"D'Youville College","New York","http://athletics.dyc.edu/sports/wvball/index","http://athletics.dyc.edu/sports/wvball/2021-22/roster","Allegheny Mountain Collegiate Conference"
"Hilbert College","New York","https://hilberthawks.com/sports/womens-volleyball","https://hilberthawks.com/sports/womens-volleyball/roster","Allegheny Mountain Collegiate Conference"
"Wittenberg University","Ohio","https://www.wittenbergtigers.com/sports/wvball/index","https://www.wittenbergtigers.com/sports/wvball/2021-22/roster","North Coast Athletic Conference"
"Denison University","Ohio","https://www.denisonbigred.com/sports/wvball/index","https://denisonbigred.com/sports/womens-volleyball/roster?path=wvball","North Coast Athletic Conference"
"Ohio Wesleyan University","Ohio","https://battlingbishops.com/sports/womens-volleyball","https://battlingbishops.com/sports/womens-volleyball/roster","North Coast Athletic Conference"
"Depauw University","Indiana","https://depauwtigers.com/sports/wvball/index","https://depauwtigers.com/sports/wvball/2021-22/roster","North Coast Athletic Conference"
"Hiram College","Ohio","https://www.hiramterriers.com/sports/wvball/index","https://denisonbigred.com/sports/womens-volleyball/roster?path=wvball","North Coast Athletic Conference"
"The College of Wooster","Ohio","https://www.woosterathletics.com/sports/wvball/index","https://www.woosterathletics.com/sports/wvball/2021-22/roster","North Coast Athletic Conference"
"Kenyon College","Ohio","https://athletics.kenyon.edu/sports/womens-volleyball","https://athletics.kenyon.edu/sports/womens-volleyball/roster","North Coast Athletic Conference"
"Oberlin College","Ohio","https://goyeo.com/sports/womens-volleyball","https://goyeo.com/sports/womens-volleyball/roster","North Coast Athletic Conference"
"Allegheny College","Pennsylvania","https://alleghenygators.com/sports/womens-volleyball","https://alleghenygators.com/sports/womens-volleyball/roster","North Coast Athletic Conference"
"Aurora University","Illinois","https://athletics.aurora.edu/sports/womens-volleyball","https://athletics.aurora.edu/sports/womens-volleyball/roster","Northern Athletics Collegiate Conference"
"Concordia University Wisconsin","Wisconsin","https://www.cuwfalcons.com/sports/wvball/index","https://www.cuwfalcons.com/sports/wvball/2021-22/roster","Northern Athletics Collegiate Conference"
"Lakeland University","Wisconsin","https://lakelandmuskies.com/sports/womens-volleyball","https://lakelandmuskies.com/sports/womens-volleyball/roster","Northern Athletics Collegiate Conference"
"Dominican University","Illinois","https://dustars.com/sports/womens-volleyball","https://dustars.com/sports/womens-volleyball/roster","Northern Athletics Collegiate Conference"
"Wisconsin Lutheran College","Wisconsin","https://www.wlcsports.com/sports/wvball/index","https://www.wlcsports.com/sports/wvball/2021-22/roster","Northern Athletics Collegiate Conference"
"Benedictine University","Illinois","https://benueagles.com/sports/womens-volleyball","https://benueagles.com/sports/womens-volleyball/roster","Northern Athletics Collegiate Conference"
"Edgewood College","Wisconsin","https://edgewoodcollegeeagles.com/sports/womens-volleyball","https://edgewoodcollegeeagles.com/sports/womens-volleyball/roster","Northern Athletics Collegiate Conference"
"Concordia University Chicago","Illinois","https://www.cucougars.com/sports/womens-volleyball","https://www.cucougars.com/sports/womens-volleyball/roster","Northern Athletics Collegiate Conference"
"Milwaukee School of Engineering","Wisconsin","https://www.go-raiders.com/sports/wvball/index","https://www.go-raiders.com/sports/wvball/2021-22/roster","Northern Athletics Collegiate Conference"
"Illinois Institute ofTechnology","Illinois","https://www.illinoistechathletics.com/sports/wvball/index","https://www.illinoistechathletics.com/sports/wvball/2021-22/roster","Northern Athletics Collegiate Conference"
"Marian University","Indiana","http://www.muknights.com/sport/0/18","http://www.muknights.com/roster/19/18","Northern Athletics Collegiate Conference"
"Rockford University","Illinois","https://www.goregents.com/sports/wvball/index","https://rockfordregents.com/sports/womens-volleyball/roster?path=wvball","Northern Athletics Collegiate Conference"
"Alverno College","Wisconsin","https://athletics.alverno.edu/sports/wvball/index","https://athletics.alverno.edu/sports/womens-volleyball/roster?path=wvball","Northern Athletics Collegiate Conference"
"Tufts University","Massachusetts","https://www.gotuftsjumbos.com/sports/wvball/index","https://www.gotuftsjumbos.com/sports/wvball/2021-22/roster","New England Small College Athletic Conference"
"Wesleyan University","Connecticut","https://athletics.wesleyan.edu/sports/wvball/index","https://athletics.wesleyan.edu/sports/wvball/roster","New England Small College Athletic Conference"
"Bowdoin College","Maine","https://athletics.bowdoin.edu/sports/wvball/index","https://athletics.bowdoin.edu/sports/wvball/2021-22/roster","New England Small College Athletic Conference"
"Amherst College","Massachusetts","http://athletics.amherst.edu/sports/wvball/index","https://athletics.amherst.edu/sports/womens-volleyball/roster?path=wvball","New England Small College Athletic Conference"
"Middlebury College","Vermont","https://athletics.middlebury.edu/sports/wvball/index","https://athletics.middlebury.edu/sports/wvball/2021-22/roster","New England Small College Athletic Conference"
"Williams College","Massachusetts","https://ephsports.williams.edu/sports/wvball/index","https://ephsports.williams.edu/sports/wvball/2021-22/roster","New England Small College Athletic Conference"
"Bates College","Maine","https://www.gobatesbobcats.com/sports/wvball/index","https://gobatesbobcats.com/sports/wvball/roster","New England Small College Athletic Conference"
"Hamilton College","New York","https://athletics.hamilton.edu/sports/wvball/index","https://athletics.hamilton.edu/sports/wvball/2021-22/roster","New England Small College Athletic Conference"
"Colby College","Maine","https://www.gocolbymules.com/sports/wvball/index","https://www.gocolbymules.com/sports/wvball/2021-22/roster","New England Small College Athletic Conference"
"Trinity College","Connecticut","https://www.bantamsports.com/sports/wvball/index","https://www.bantamsports.com/sports/wvball/2021-22/roster","New England Small College Athletic Conference"
"Connecticut College","Connecticut","https://www.camelathletics.com/sports/wvball/index","https://www.camelathletics.com/sports/wvball/2021-22/roster","New England Small College Athletic Conference"
"Transylvania University","Kentucky","https://www.transysports.com/sports/wvball/index","https://www.transysports.com/sports/wvball/roster","Heartland Collegiate Athletic Conference"
"Hanover College","Indiana","https://athletics.hanover.edu/sports/womens-volleyball","https://athletics.hanover.edu/sports/wvball/roster","Heartland Collegiate Athletic Conference"
"Earlham College","Indiana","https://www.goearlham.com/sports/wvball/index","https://goearlham.com/sports/womens-volleyball/roster","Heartland Collegiate Athletic Conference"
"Rose-Hulman Institute of Technology","Indiana","https://rosehulman.prestosports.com/sports/wvball/index","https://athletics.rose-hulman.edu/sports/wvball/roster?path=wvball","Heartland Collegiate Athletic Conference"
"Defiance College","Ohio","https://www.defianceathletics.com/sports/wvball/index","https://www.defianceathletics.com/sports/wvball/2021-22/roster","Heartland Collegiate Athletic Conference"
"Mount St. Joseph University","Ohio","https://www.msjsports.com/sports/wvball/index","https://msjlions.com/sports/womens-volleyball/roster?path=wvball","Heartland Collegiate Athletic Conference"
"Franklin College","Indiana","http://franklingrizzlies.com/sports/wvball/index","http://franklingrizzlies.com/sports/wvball/2021-22/roster","Heartland Collegiate Athletic Conference"
"Bluffton University","Ohio","https://blufftonbeavers.com/sports/wvball/index","https://blufftonbeavers.com/sports/wvball/2021-22/roster","Heartland Collegiate Athletic Conference"
"Anderson University","Indiana","https://athletics.anderson.edu/sports/wvball/index","https://athletics.anderson.edu/sports/wvball/2021-22/roster","Heartland Collegiate Athletic Conference"
"Manchester University","Indiana","https://www.muspartans.com/sports/wvball/2019-20/schedule","https://www.muspartans.com/sports/wvball/2021-22/roster","Heartland Collegiate Athletic Conference"
"University of St. Thomas - Minnesota","Miinnesota","https://tommiesports.com/sports/wvball/index","https://tommiesports.com/sports/wvball/roster","Minnesota Intercollegiate Athletic Conference"
"Augsburg University","Miinnesota","https://athletics.augsburg.edu/sports/womens-volleyball","https://athletics.augsburg.edu/sports/womens-volleyball/roster","Minnesota Intercollegiate Athletic Conference"
"College of Saint Benedict","Miinnesota","https://gobennies.com/sports/womens-volleyball","https://gobennies.com/sports/womens-volleyball/roster","Minnesota Intercollegiate Athletic Conference"
"St. Olaf College","Miinnesota","https://gobennies.com/sports/womens-volleyball","https://athletics.stolaf.edu/sports/womens-volleyball/roster","Minnesota Intercollegiate Athletic Conference"
"Gustavus Adolphus College","Miinnesota","https://gustavus.edu/athletics/vb/","https://gustavus.edu/athletics/vb/roster/","Minnesota Intercollegiate Athletic Conference"
"Bethel University","Miinnesota","https://athletics.bethel.edu/sports/womens-volleyball","https://athletics.bethel.edu/sports/womens-volleyball/roster","Minnesota Intercollegiate Athletic Conference"
"Saint Mary's University of Minnesota","Miinnesota","https://saintmaryssports.com/sports/womens-volleyball","https://saintmaryssports.com/sports/womens-volleyball/roster","Minnesota Intercollegiate Athletic Conference"
"Concordia College","Miinnesota","https://concordiamn.prestosports.com/sports/wvball/index","https://concordiamn.prestosports.com/sports/wvball/2021-22/roster","Minnesota Intercollegiate Athletic Conference"
"St. Catherine University","Miinnesota","https://www.stkatesathletics.com/index.aspx?path=wvball","https://www.stkatesathletics.com/roster.aspx?path=wvball&","Minnesota Intercollegiate Athletic Conference"
"Hamline University","Miinnesota","https://hamlineathletics.com/index.aspx?path=wvball","https://hamlineathletics.com/roster.aspx?path=wvball&","Minnesota Intercollegiate Athletic Conference"
"Carleton College","Miinnesota","https://athletics.carleton.edu/sports/womens-volleyball","https://athletics.carleton.edu/sports/womens-volleyball/roster","Minnesota Intercollegiate Athletic Conference"
"Macalester College","Miinnesota","https://athletics.macalester.edu/sports/womens-volleyball","https://athletics.macalester.edu/sports/womens-volleyball/roster","Minnesota Intercollegiate Athletic Conference"
"Carthage College","Wisconsin","https://athletics.carthage.edu/sports/womens-volleyball","https://athletics.carthage.edu/sports/womens-volleyball/roster","College Conference of Illinois and Wisconsin"
"Illinois Wesleyan University","Illinois","https://www.iwusports.com/index.aspx?path=wvball","https://www.iwusports.com/roster.aspx?path=wvball&roster=226&","College Conference of Illinois and Wisconsin"
"Millikin University","Illinois","https://athletics.millikin.edu/sports/womens-volleyball","https://athletics.millikin.edu/sports/womens-volleyball/roster","College Conference of Illinois and Wisconsin"
"Elmhurst College","Illinois","https://elmhurstbluejays.com/index.aspx?path=wvball","https://elmhurstbluejays.com/roster.aspx?path=wvball","College Conference of Illinois and Wisconsin"
"Augustana College","Illinois","https://athletics.augustana.edu/sports/womens-volleyball","https://athletics.augustana.edu/sports/womens-volleyball/roster","College Conference of Illinois and Wisconsin"
"Wheaton College - Illinois","Illinois","https://athletics.wheaton.edu/sports/womens-volleyball","https://athletics.wheaton.edu/sports/womens-volleyball/roster","College Conference of Illinois and Wisconsin"
"Carroll University","Wisconsin","https://gopios.com/sports/womens-volleyball","https://gopios.com/sports/womens-volleyball/roster","College Conference of Illinois and Wisconsin"
"North Park University","Illinois","https://athletics.northpark.edu/sports/womens-volleyball","https://athletics.northpark.edu/sports/womens-volleyball/roster","College Conference of Illinois and Wisconsin"
"North Central College","Illinois","https://northcentralcardinals.com/sports/womens-volleyball","https://northcentralcardinals.com/sports/womens-volleyball/roster","College Conference of Illinois and Wisconsin"
"Colorado College","Colorado","https://cctigers.com/sports/womens-volleyball","https://cctigers.com/sports/womens-volleyball/roster","Southern Collegiate Athletic Conference"
"Trinity University","Texas","https://www.trinitytigers.com/sports/wvball/index","https://www.trinitytigers.com/sports/wvball/2021-22/roster","Southern Collegiate Athletic Conference"
"Southwestern University","Texas","https://www.southwesternpirates.com/sports/w-volley/index","https://www.southwesternpirates.com/sports/w-volley/2021-22/roster","Southern Collegiate Athletic Conference"
"University of Dallas","Texas","https://www.udallasathletics.com/sports/wvball/index","https://www.udallasathletics.com/sports/wvball/2021-22/roster","Southern Collegiate Athletic Conference"
"Austin College","Texas","https://austin.prestosports.com/sports/wvball/index","https://austin.prestosports.com/sports/wvball/2021-22/roster","Southern Collegiate Athletic Conference"
"Texas Lutheran University","Texas","https://tlubulldogs.com/sports/wvball/index","https://tlubulldogs.com/sports/wvball/2021-22/roster","Southern Collegiate Athletic Conference"
"Centenary College of Louisiana","Louisiana","https://www.gocentenary.com/sports/wvball/index","https://www.gocentenary.com/sports/wvball/2021-22/roster","Southern Collegiate Athletic Conference"
"University of St. Thomas - Texas","Texas","https://www.ustcelts.com/sports/wvball/index","https://www.ustcelts.com/sports/wvball/2021-22/roster","Southern Collegiate Athletic Conference"
"Schreiner University","Texas","https://schreinermountaineers.com/sports/wvball/index","https://schreinermountaineers.com/sports/wvball/2021-22/roster","Southern Collegiate Athletic Conference"
"Babson College","Massachusetts","http://www.babsonathletics.com/sports/w-volley/index","http://www.babsonathletics.com/sports/w-volley/2021-22/roster","New England Women's and Men's Athletic Conference"
"Wellesley College","Massachusetts","https://www.wellesleyblue.com/sports/wvball/index","https://www.wellesleyblue.com/sports/wvball/2021-22/roster","New England Women's and Men's Athletic Conference"
"Massachusetts Institute of Technology","Massachusetts","https://www.mitathletics.com/sports/w-volley/index","https://mitathletics.com/sports/womens-volleyball/roster","New England Women's and Men's Athletic Conference"
"Emerson College","Massachusetts","https://www.emersonlions.com/sports/wvball/index","https://www.emersonlions.com/sports/wvball/2021-22/roster","New England Women's and Men's Athletic Conference"
"Coast Guard Academy","Connecticut","https://www.uscgasports.com/sports/wvball/index","https://www.uscgasports.com/sports/wvball/2021-22/roster","New England Women's and Men's Athletic Conference"
"Wheaton College - Massachusetts","Massachusetts","https://athletics.wheaton.edu/sports/womens-volleyball","https://athletics.wheaton.edu/sports/womens-volleyball/roster","New England Women's and Men's Athletic Conference"
"Worcester Polytechnic Institute","Massachusetts","https://athletics.wpi.edu/sports/wvball/index","https://athletics.wpi.edu/sports/wvball/index","New England Women's and Men's Athletic Conference"
"Springfield College","Massachusetts","https://springfieldcollegepride.com/sports/wvball/index","https://springfieldcollegepride.com/sports/wvball/2021-22/roster","New England Women's and Men's Athletic Conference"
"Clark University","Massachusetts","https://www.clarkathletics.com/sports/wvball/index","https://www.clarkathletics.com/sports/wvball/2021-22/roster","New England Women's and Men's Athletic Conference"
"Smith College","Massachusetts","https://smithpioneers.com/index.aspx?path=wvball","https://smithpioneers.com/roster.aspx?path=wvball","New England Women's and Men's Athletic Conference"
"Mount Holyoke College","Massachusetts","http://athletics.mtholyoke.edu/sports/wvball/index","http://athletics.mtholyoke.edu/sports/wvball/2021-22/roster","New England Women's and Men's Athletic Conference"
"Muskingum University","Ohio","https://www.fightingmuskies.com/sports/wvball/index","https://www.fightingmuskies.com/sports/wvball/2021-22/roster","Ohio Athletic Conference"
"Ohio Northern University","Ohio","http://www.onusports.com/sports/wvball/index","http://www.onusports.com/sports/wvball/2021-22/roster","Ohio Athletic Conference"
"Otterbein University","Ohio","https://otterbeincardinals.com/sports/womens-volleyball","https://otterbeincardinals.com/sports/womens-volleyball/roster","Ohio Athletic Conference"
"Baldwin Wallace University","Ohio","https://www.bwyellowjackets.com/sports/wvball/index","https://www.bwyellowjackets.com/sports/wvball/2021-22/roster","Ohio Athletic Conference"
"Heidelberg University","Ohio","https://www.bergathletics.com/sports/womens-volleyball","https://www.bergathletics.com/sports/womens-volleyball/roster","Ohio Athletic Conference"
"University of Mount Union","Ohio","http://athletics.mountunion.edu/sports/wvball/index","https://athletics.mountunion.edu/sports/wvball/roster","Ohio Athletic Conference"
"John Carroll University","Ohio","https://jcusports.com/sports/womens-volleyball","https://jcusports.com/sports/womens-volleyball/roster","Ohio Athletic Conference"
"Marietta College","Ohio","https://pioneers.marietta.edu/sports/womens-volleyball","https://pioneers.marietta.edu/sports/womens-volleyball/roster","Ohio Athletic Conference"
"Capital University","Ohio","http://athletics.capital.edu/sports/wvball/index","https://athletics.capital.edu/sports/wvball/roster","Ohio Athletic Conference"
"Wilmington College","Ohio","http://www.wilmingtonquakers.com/sports/wvball/index","http://www.wilmingtonquakers.com/sports/wvball/2021-22/roster","Ohio Athletic Conference"
"Clarkson University","New York","https://clarksonathletics.com/sports/womens-volleyball","https://clarksonathletics.com/sports/womens-volleyball/roster","Liberty League"
"Ithaca College","New York","https://athletics.ithaca.edu/sports/womens-volleyball","https://athletics.ithaca.edu/sports/womens-volleyball/roster","Liberty League"
"Rochester Institute of Technology","New York","https://ritathletics.com/sports/womens-volleyball","https://ritathletics.com/sports/womens-volleyball/roster","Liberty League"
"St. Lawrence University","New York","https://saintsathletics.com/sports/womens-volleyball","https://saintsathletics.com/sports/womens-volleyball/roster","Liberty League"
"Skidmore College","New York","https://skidmoreathletics.com/sports/womens-volleyball","https://skidmoreathletics.com/sports/womens-volleyball/roster","Liberty League"
"Vassar College","New York","https://www.vassarathletics.com/index.aspx?path=wvball","https://www.vassarathletics.com/roster.aspx?path=wvball","Liberty League"
"Union College","New York","https://unionathletics.com/index.aspx?path=vball","https://unionathletics.com/roster.aspx?path=vball&","Liberty League"
"Bard College","New York","https://bardathletics.com/sports/womens-volleyball","https://bardathletics.com/sports/womens-volleyball/roster","Liberty League"
"Hunter College","New York","https://www.huntercollegeathletics.com/index.aspx?path=wvball","https://www.huntercollegeathletics.com/roster.aspx?path=wvball&","City University of New York Athletic Conference"
"Baruch College","New York","https://athletics.baruch.cuny.edu/sports/womens-volleyball","https://athletics.baruch.cuny.edu/sports/womens-volleyball/roster/2021","City University of New York Athletic Conference"
"Brooklyn College","New York","https://www.brooklyncollegeathletics.com/sports/womens-volleyball","https://www.brooklyncollegeathletics.com/sports/womens-volleyball/roster","City University of New York Athletic Conference"
"The City College of New York","New York","https://ccnyathletics.com/sports/womens-volleyball","https://ccnyathletics.com/sports/womens-volleyball/roster/2021","City University of New York Athletic Conference"
"John Jay College","New York","https://johnjayathletics.com/sports/womens-volleyball","https://johnjayathletics.com/sports/womens-volleyball/roster","City University of New York Athletic Conference"
"Lehman College","New York","https://lehmanathletics.com/index.aspx?path=wvball","https://lehmanathletics.com/roster.aspx?roster=223","City University of New York Athletic Conference"
"York College - New York","New York","https://yorkathletics.com/sports/womens-volleyball","https://yorkathletics.com/sports/womens-volleyball/roster","City University of New York Athletic Conference"
"Medgar Evers College","New York","https://mecathletics.com/index.aspx?path=wvball","https://mecathletics.com/sports/womens-volleyball/roster","City University of New York Athletic Conference"
"Eastern Nazarene College","Massachusetts","http://athletics.enc.edu/sports/wvball/index","http://athletics.enc.edu/sports/wvball/2021-22/roster","New England Collegiate Conference"
"New England College","New Hampshire","https://athletics.nec.edu/sports/wvball/index","https://athletics.nec.edu/sports/womens-volleyball/roster","New England Collegiate Conference"
"Elms College","Massachusetts","https://www.ecblazers.com/sports/wvball/index","https://www.ecblazers.com/sports/wvball/2021-22/roster","New England Collegiate Conference"
"Mitchell College","Connecticut","https://www.mitchellathletics.com/sports/wvball/index","https://www.mitchellathletics.com/sports/wvball/2021-22/roster","New England Collegiate Conference"
"Dean College","Massachusetts","https://www.deanbulldogs.com/sports/wvball/index","https://www.deanbulldogs.com/sports/wvball/2021-22/roster","New England Collegiate Conference"
"Bay Path University","Massachusetts","http://athletics.baypath.edu/sports/wvball/index","http://athletics.baypath.edu/sports/wvball/2021-22/roster","New England Collegiate Conference"
"Lesley University","Massachusetts","https://lesleyathletics.com/sports/wvball/index","https://lesleyathletics.com/sports/wvball/2021-22/roster","New England Collegiate Conference"
"University of Texas - Dallas","Texas","https://utdcomets.com/sports/womens-volleyball","https://utdcomets.com/sports/womens-volleyball/roster","American Southwest Conference"
"LeTourneau University","Texas","https://letuathletics.com/sports/womens-volleyball","https://letuathletics.com/sports/womens-volleyball/roster","American Southwest Conference"
"East Texas Baptist University","Texas","https://goetbutigers.com/sports/womens-volleyball","https://goetbutigers.com/sports/womens-volleyball/roster","American Southwest Conference"
"Belhaven University","Mississippi","https://blazers.belhaven.edu/index.aspx?path=wvball","https://blazers.belhaven.edu/roster.aspx?path=wvball&","American Southwest Conference"
"Louisiana College","Louisiana","https://www.lcwildcats.net/index.aspx?path=volleyball","https://www.lcwildcats.net/roster.aspx?path=volleyball&","American Southwest Conference"
"Mary Hardin-Baylor University","Texas","https://cruathletics.com/sports/womens-volleyball","https://cruathletics.com/sports/womens-volleyball/roster","American Southwest Conference"
"Concordia University Texas","Texas","https://athletics.concordia.edu/sports/womens-volleyball","https://athletics.concordia.edu/sports/womens-volleyball/roster","American Southwest Conference"
"Hardin-Simmons University","Texas","https://www.hsuathletics.com/sports/w-volley/index","https://www.hsuathletics.com/sports/w-volley/2021-22/roster","American Southwest Conference"
"McMurry University","Texas","https://mcmurrysports.com/sports/womens-volleyball","https://www.hsuathletics.com/sports/w-volley/2021-22/roster","American Southwest Conference"
"Sul Ross State University","Texas","https://srlobos.com/sports/womens-volleyball","https://srlobos.com/sports/womens-volleyball/roster/2021","American Southwest Conference"
"Howard Payne University","Texas","https://hpusports.com/sports/womens-volleyball","https://hpusports.com/sports/womens-volleyball/roster","American Southwest Conference"
"Cornell College","Iowa","https://cornellrams.com/sports/volleyball?path=vball","https://cornellrams.com/sports/volleyball/roster","Midwest Conference"
"St. Norbert College","Wisconsin","https://athletics.snc.edu/sports/womens-volleyball?path=wvball","https://athletics.snc.edu/sports/womens-volleyball/roster?path=wvball","Midwest Conference"
"Illinois College","Illinois","https://illinoiscollegeathletics.com/sports/womens-volleyball","https://illinoiscollegeathletics.com/sports/womens-volleyball/roster","Midwest Conference"
"Grinnell College","Iowa","https://pioneers.grinnell.edu/sports/womens-volleyball","https://pioneers.grinnell.edu/sports/womens-volleyball/roster","Midwest Conference"
"Lake Forest College","Illinois","https://www.goforesters.com/sports/wvball/index","https://www.goforesters.com/sports/wvball/2021-22/roster","Midwest Conference"
"Monmouth College","Illinois","https://monmouthscots.com/sports/womens-volleyball","https://monmouthscots.com/sports/womens-volleyball/roster/2021","Midwest Conference"
"Ripon College","Illinois","https://riponredhawks.com/sports/womens-volleyball","https://riponredhawks.com/sports/womens-volleyball/roster","Midwest Conference"
"Knox College","Illinois","https://prairiefire.knox.edu/sports/womens-volleyball","https://prairiefire.knox.edu/sports/womens-volleyball/roster","Midwest Conference"
"Lawrence University","Wisconsin","http://vikings.lawrence.edu/sports/wvball/index","https://vikings.lawrence.edu/sports/wvball/roster","Midwest Conference"
"Beloit College","Wisconsin","https://beloitcollegeathletics.com/sports/womens-volleyball","https://beloitcollegeathletics.com/sports/womens-volleyball/roster","Midwest Conference"
"Birmingham-Southern College","Alabama","https://www.bscsports.net/sports/wvball/index","https://bscsports.net/sports/wvball/roster?path=wvball","Southern Athletic Association"
"Berry College","Georgia","https://www.berryvikings.com/sports/wvball/index","https://www.berryvikings.com/sports/womens-volleyball/roster","Southern Athletic Association"
"Hendrix College","Arkansas","https://hendrixwarriors.com/sports/womens-volleyball","https://hendrixwarriors.com/sports/womens-volleyball/roster","Southern Athletic Association"
"Sewanee College","Tennessee","https://www.sewaneetigers.com/sports/wvball/index","https://sewaneetigers.com/sports/wvball/roster","Southern Athletic Association"
"Millsaps College","Mississippi","https://gomajors.com/sports/womens-volleyball","https://gomajors.com/sports/womens-volleyball/roster","Southern Athletic Association"
"Centre College","Kentucky","https://centrecolonels.com/sports/womens-volleyball","https://centrecolonels.com/sports/womens-volleyball/roster","Southern Athletic Association"
"Rhodes College","Tennessee","https://rhodeslynx.com/sports/womens-volleyball","https://rhodeslynx.com/sports/womens-volleyball/roster","Southern Athletic Association"
"Oglethorpe University","Georgia","https://www.gopetrels.com/sports/wvball/index","https://www.gopetrels.com/sports/wvball/2021-22/roster","Southern Athletic Association"
"Westminster College","Pennsylvania","https://athletics.westminster.edu/index.aspx?path=wvball","https://athletics.westminster.edu/roster.aspx?path=wvball","Presidents' Athletic Conference"
"Geneva College","Pennsylvania","https://athletics.geneva.edu/sports/womens-volleyball","https://athletics.geneva.edu/sports/womens-volleyball/roster","Presidents' Athletic Conference"
"Bethany College","West Virginia","https://athletics.geneva.edu/sports/womens-volleyball/roster","https://www.bethanybison.com/sports/wvball/2021-22/roster","Presidents' Athletic Conference"
"Saint Vincent College","Pennsylvania","https://athletics.stvincent.edu/sports/womens-volleyball","https://athletics.stvincent.edu/sports/womens-volleyball/roster/2021","Presidents' Athletic Conference"
"Thiel College","Pennsylvania","https://thielathletics.com/sports/womens-volleyball","https://thielathletics.com/sports/womens-volleyball/roster","Presidents' Athletic Conference"
"Grove City College","Pennsylvania","https://athletics.gcc.edu/sports/womens-volleyball","https://athletics.gcc.edu/sports/womens-volleyball/roster","Presidents' Athletic Conference"
"Chatham University","Pennsylvania","https://gochathamcougars.com/sports/womens-volleyball","https://gochathamcougars.com/sports/womens-volleyball/roster","Presidents' Athletic Conference"
"Washington & Jefferson College","Pennsylvania","https://gopresidents.com/sports/womens-volleyball","https://gopresidents.com/sports/womens-volleyball/roster","Presidents' Athletic Conference"
"Waynesburg University","Pennsylvania","https://waynesburgsports.com/sports/womens-volleyball","https://waynesburgsports.com/sports/womens-volleyball/roster","Presidents' Athletic Conference"
"University of Northwestern","Minnesota","https://unweagles.com/index.aspx?path=vball","https://unweagles.com/roster.aspx?path=vball&","Upper Midwest Athletic Conference"
"University of Minnesota - Morris","Minnesota","https://morriscougars.com/index.aspx?path=wvball","https://morriscougars.com/sports/womens-volleyball/roster","Upper Midwest Athletic Conference"
"The College of St. Scholastica","Minnesota","https://csssaints.com/index.aspx?path=wvball","https://csssaints.com/sports/womens-volleyball/roster","Upper Midwest Athletic Conference"
"University of Wisconsin - Superior","Wisconsin","https://uwsyellowjackets.com/sports/womens-volleyball","https://uwsyellowjackets.com/sports/womens-volleyball/roster","Upper Midwest Athletic Conference"
"Bethany Lutheran College","Minnesota","https://blcvikings.com/sports/womens-volleyball","https://blcvikings.com/sports/womens-volleyball/roster/2021","Upper Midwest Athletic Conference"
"Martin Luther College","Minnesota","https://mlcknights.com/sports/womens-volleyball","https://mlcknights.com/sports/womens-volleyball/roster","Upper Midwest Athletic Conference"
"Northland College","Wisconsin","https://northlandcollegesports.com/index.aspx?path=wvball","https://northlandcollegesports.com/sports/womens-volleyball/roster","Upper Midwest Athletic Conference"
"North Central University","Minnesota","https://ncurams.com/sports/womens-volleyball","https://ncurams.com/sports/womens-volleyball/roster","Upper Midwest Athletic Conference"
"Crown College","Minnesota","https://athletics.crown.edu/index.aspx?path=wvball","https://athletics.crown.edu/sports/womens-volleyball/roster","Upper Midwest Athletic Conference"
"Greenville University","Illinois","http://athletics.greenville.edu/sports/wvball/index","http://athletics.greenville.edu/sports/wvball/2021-22/roster","St. Louis Intercollegiate Athletic Conference"
"Westminster College - Missouri","Missouri","http://wcbluejays.com/sports/wvball/index","http://wcbluejays.com/sports/wvball/2021-22/roster","St. Louis Intercollegiate Athletic Conference"
"Webster University","Missouri","https://websterathletics.com/sports/womens-volleyball","https://websterathletics.com/sports/womens-volleyball/roster","St. Louis Intercollegiate Athletic Conference"
"MacMurray College","Illinois","https://mchighlanders.com/sports/womens-volleyball","https://mchighlanders.com/sports/womens-volleyball/roster","St. Louis Intercollegiate Athletic Conference"
"Spalding University","Kentucky","https://spaldingathletics.com/sports/womens-volleyball","https://spaldingathletics.com/sports/womens-volleyball/roster","St. Louis Intercollegiate Athletic Conference"
"Blackburn College","Illinois","https://www.blackburnbeavers.com/sports/wvball/index","https://www.blackburnbeavers.com/sports/wvball/2021-22/roster","St. Louis Intercollegiate Athletic Conference"
"Iowa Wesleyan University","Iowa","https://www.iwtigers.com/sport/0/16","https://www.iwtigers.com/roster/19/16","St. Louis Intercollegiate Athletic Conference"
"Fontbonne University","Missouri","https://www.fontbonnegriffins.com/sports/wvball/index","https://www.fontbonnegriffins.com/sports/wvball/2021-22/roster","St. Louis Intercollegiate Athletic Conference"
"Eureka College","Illinois","http://www.eurekareddevils.com/sports/wvball/index","http://www.eurekareddevils.com/sports/wvball/2021-22/roster","St. Louis Intercollegiate Athletic Conference"
"Principia College","Illinois","https://principiaathletics.com/sports/womens-volleyball","https://principiaathletics.com/sports/womens-volleyball/roster","St. Louis Intercollegiate Athletic Conference"
"Emory University","Georgia","https://www.emoryathletics.com/sports/wvball/index","https://www.emoryathletics.com/sports/wvball/2021-22/roster","University Athletic Association"
"University of Chicago","Illinois","https://athletics.uchicago.edu/sports/wvball/index","https://athletics.uchicago.edu/sports/wvball/2021-22/roster","University Athletic Association"
"Washington University in St. Louis","Missouri","https://www.washubears.com/sports/wvball/index","https://www.washubears.com/sports/wvball/2021-22/roster","University Athletic Association"
"Carnegie Mellon University","Pennsylvania","https://athletics.cmu.edu/sports/wvball/index","https://athletics.cmu.edu/sports/wvball/2021-22/roster","University Athletic Association"
"Case Western Reserve University","Ohio","https://athletics.case.edu/sports/wvball/index","https://athletics.case.edu/sports/wvball/2021-22/roster","University Athletic Association"
"New York University","New York","https://gonyuathletics.com/index.aspx?path=wvball","https://gonyuathletics.com/roster.aspx?path=wvball&","University Athletic Association"
"University of Rochester","New York","https://uofrathletics.com/sports/womens-volleyball","https://uofrathletics.com/sports/womens-volleyball/roster","University Athletic Association"
"Brandeis University","Massachusetts","https://www.brandeisjudges.com/sports/wvball/index","https://www.brandeisjudges.com/sports/wvball/2021-22/roster","University Athletic Association"
"Randolph-Macon University","Virginia","https://www.rmcathletics.com/sports/wvball/index","https://www.rmcathletics.com/sports/wvball/2021-22/roster","Old Dominion Athletic Conference"
"Virginia Wesleyan University","Virginia","https://www.vwuathletics.com/sports/wvball/index","https://vwuathletics.com/sports/wvball/roster","Old Dominion Athletic Conference"
"Bridgewater College","Virginia","https://www.bridgewatereagles.com/sports/wvball/index","https://www.bridgewatereagles.com/sports/wvball/2021-22/roster","Old Dominion Athletic Conference"
"Washington and Lee University","Virginia","https://generalssports.com/sports/womens-volleyball","https://generalssports.com/sports/womens-volleyball/roster","Old Dominion Athletic Conference"
"Guilford College","North Carolina","https://www.guilfordquakers.com/sports/wvball/index","https://www.guilfordquakers.com/sports/wvball/2021-22/roster","Old Dominion Athletic Conference"
"University of Lynchburg","Virginia","https://www.lynchburgsports.com/sports/wvball/index","https://www.lynchburgsports.com/sports/wvball/2021-22/roster","Old Dominion Athletic Conference"
"Roanoke College","Virginia","https://www.roanokemaroons.com/sports/wvball/index","https://www.roanokemaroons.com/sports/wvball/2021-22/roster","Old Dominion Athletic Conference"
"Eastern Mennonite University","Virginia","https://www.emuroyals.com/sports/wvball/index","https://www.emuroyals.com/sports/wvball/2021-22/roster","Old Dominion Athletic Conference"
"Randolph College","Virginia","https://randolphwildcats.com/sports/womens-volleyball","https://randolphwildcats.com/sports/womens-volleyball/roster","Old Dominion Athletic Conference"
"Emory & Henry College","Virginia","https://www.gowasps.com/sports/wvball/index","https://www.gowasps.com/sports/wvball/2021-22/roster","Old Dominion Athletic Conference"
"Shenandoah University","Virginia","https://suhornets.com/sports/womens-volleyball","https://suhornets.com/sports/womens-volleyball/roster","Old Dominion Athletic Conference"
"Hollins University","Virginia","https://hollinssports.com/sports/wvball/index","https://hollinssports.com/sports/wvball/roster","Old Dominion Athletic Conference"
"Ferrum College","Virginia","https://www.ferrumpanthers.com/sports/wvball/index","https://www.ferrumpanthers.com/sports/wvball/2021-22/roster","Old Dominion Athletic Conference"
"Westfield State University","Massachusetts","https://westfieldstateowls.com/sports/wvball/index","https://westfieldstateowls.com/sports/wvball/2021-22/roster","Massachusetts State Collegiate Athletic Conference"
"Framingham State University","Massachusetts","https://www.fsurams.com/sports/wvball/index","https://www.fsurams.com/sports/wvball/2021-22/roster","Massachusetts State Collegiate Athletic Conference"
"Bridgewater State University","Massachusetts","https://www.bsubears.com/sports/wvball/index","https://www.bsubears.com/sports/wvball/2021-22/roster","Massachusetts State Collegiate Athletic Conference"
"Massachusetts College of Liberal Arts","Massachusetts","http://athletics.mcla.edu/sports/wvball/index","http://athletics.mcla.edu/sports/wvball/2021-22/roster","Massachusetts State Collegiate Athletic Conference"
"Worcester State University","Massachusetts","https://www.wsulancers.com/sports/wvball/index","https://www.wsulancers.com/sports/wvball/2021-22/roster","Massachusetts State Collegiate Athletic Conference"
"Salem State University","Massachusetts","https://salemstatevikings.com/sports/wvball/index","https://salemstatevikings.com/sports/wvball/2021-22/roster","Massachusetts State Collegiate Athletic Conference"
"Fitchburg State University","Massachusetts","https://www.fitchburgfalcons.com/sports/wvball/index","https://www.fitchburgfalcons.com/sports/wvball/2021-22/roster","Massachusetts State Collegiate Athletic Conference"
"Massachusetts Maritime Academy","Massachusetts","https://www.mmabucs.com/sports/wvball/index","https://www.mmabucs.com/sports/wvball/2021-22/roster","Massachusetts State Collegiate Athletic Conference"
"Notre Dame University of Maryland","Maryland","https://notredamegators.com/sports/womens-volleyball","https://notredamegators.com/sports/womens-volleyball/roster","Colonial States Athletic Conference"
"Cedar Crest College","Pennsylvania","https://cedarcrestathletics.com/index.aspx?path=wvball","https://cedarcrestathletics.com/roster.aspx?path=wvball","Colonial States Athletic Conference"
"Wilson College","Pennsylvania","https://wilsonphoenix.com/sports/womens-volleyball","https://wilsonphoenix.com/sports/womens-volleyball/roster","Colonial States Athletic Conference"
"Bryn Athyn College","Pennsylvania","https://www.brynathynathletics.com/sports/wvball/index","https://www.brynathynathletics.com/sports/wvball/2021-22/roster","Colonial States Athletic Conference"
"Keystone College","Pennsylvania","https://www.gokcgiants.com/sports/womens-volleyball","https://www.gokcgiants.com/sports/womens-volleyball/roster","Colonial States Athletic Conference"
"Clarks Summit University","Pennsylvania","https://gocsudefenders.com/index.aspx?path=wvball","https://gocsudefenders.com/roster.aspx?path=wvball","Colonial States Athletic Conference"
"College of Saint Elizabeth","New Jersey","https://seueagles.com/sports/womens-volleyball","https://cseathletics.com/sports/womens-volleyball/roster","Colonial States Athletic Conference"
"Cairn University","Pennsylvania","https://www.cairnhighlanders.com/index.aspx?path=wvball","https://www.cairnhighlanders.com/roster.aspx?path=wvball&","Colonial States Athletic Conference"
"Rosemont College","Pennsylvania","https://rosemont-ravens.com/sports/womens-volleyball","https://rosemont-ravens.com/sports/womens-volleyball/roster","Colonial States Athletic Conference"
"Centenary University","New Jersey","https://centenarycyclones.com/sports/womens-volleyball","https://centenarycyclones.com/sports/womens-volleyball/roster","Colonial States Athletic Conference"
"John Hopkins University","Maryland","https://hopkinssports.com/sports/womens-volleyball","https://hopkinssports.com/sports/womens-volleyball","Centennial Conference"
"Franklin and Marshall College","Pennsylvania","https://www.godiplomats.com/sports/w-volley/index","https://www.godiplomats.com/sports/w-volley/2021-22/roster","Centennial Conference"
"Haverford College","Pennsylvania","https://www.haverfordathletics.com/sports/wvball/index","https://www.haverfordathletics.com/sports/wvball/2021-22/roster","Centennial Conference"
"McDaniel College","Maryland","https://www.mcdanielathletics.com/sports/wvball/index","https://www.mcdanielathletics.com/sports/wvball/2021-22/roster","Centennial Conference"
"Swarthmore College","Pennsylvania","https://swarthmoreathletics.com/sports/womens-volleyball","https://swarthmoreathletics.com/sports/womens-volleyball/roster","Centennial Conference"
"Gettysburg College","Pennsylvania","https://gettysburgsports.com/index.aspx?path=vball","https://gettysburgsports.com/sports/womens-volleyball/roster","Centennial Conference"
"Dickinson College","Pennsylvania","https://www.dickinsonathletics.com/sports/wvball/index","https://www.dickinsonathletics.com/sports/wvball/2021-22/roster","Centennial Conference"
"Muhlenberg College","Pennsylvania","https://muhlenbergsports.com/index.aspx?path=volleyball","https://muhlenbergsports.com/sports/womens-volleyball/roster","Centennial Conference"
"Ursinus College","Pennsylvania","https://www.ursinusathletics.com/sports/wvball/index","https://www.ursinusathletics.com/sports/wvball/2021-22/roster","Centennial Conference"
"Washington College","Maryland","https://www.washingtoncollegesports.com/sports/wvball/index","https://www.washingtoncollegesports.com/sports/wvball/2021-22/roster","Centennial Conference"
"Bryn Mawr College","Pennsylvania","http://athletics.brynmawr.edu/sports/wvball/index","http://athletics.brynmawr.edu/sports/wvball/2021-22/roster","Centennial Conference"
"Wartburg College","Iowa","https://go-knights.net/sports/womens-volleyball","https://go-knights.net/sports/womens-volleyball/roster","American Rivers Conference"
"Loras College","Iowa","https://duhawks.com/sports/womens-volleyball","https://duhawks.com/sports/womens-volleyball/roster","American Rivers Conference"
"University of Dubuque","Iowa","https://www.dbq.edu/Athletics/WomensAthletics/Volleyball/","https://www.dbq.edu/Athletics/WomensAthletics/Volleyball/#tab17435","American Rivers Conference"
"Nebraska Wesleyan University","Nebraska","https://nwusports.com/index.aspx?path=wvball","https://nwusports.com/roster.aspx?path=wvball","American Rivers Conference"
"Coe College","Iowa","https://kohawkathletics.com/sports/womens-volleyball","https://kohawkathletics.com/sports/womens-volleyball/roster","American Rivers Conference"
"Buena Vista University","Iowa","https://bvuathletics.com/sports/womens-volleyball","https://bvuathletics.com/sports/womens-volleyball/roster","American Rivers Conference"
"Central College","Iowa","https://athletics.central.edu/sports/womens-volleyball","https://athletics.central.edu/sports/womens-volleyball/roster","American Rivers Conference"
"Luther College","Iowa","https://www.luther.edu/sports/women/volleyball/","https://luthernorse.com/sports/womens-volleyball/roster","American Rivers Conference"
"Simpson College","Iowa","http://www.simpsonathletics.com/sports/wvball/index","http://www.simpsonathletics.com/sports/wvball/2021-22/roster","American Rivers Conference"
"State University of New York at Geneseo","New York","https://www.geneseoknights.com/sports/wvball/index","https://www.geneseoknights.com/sports/wvball/2021-22/roster","State University of New York Athletic Conference"
"The College at Brockport","New York","https://gobrockport.com/sports/womens-volleyball","https://gobrockport.com/sports/womens-volleyball/roster","State University of New York Athletic Conference"
"State University of New York College at Cortland","New York","https://www.cortlandreddragons.com/index.aspx?path=wvball","https://www.cortlandreddragons.com/roster.aspx?path=wvball&","State University of New York Athletic Conference"
"State University of New York College at Oneonta","New York","https://oneontaathletics.com/sports/womens-volleyball","https://oneontaathletics.com/sports/womens-volleyball/roster","State University of New York Athletic Conference"
"State University of New York at New Paltz","New York","https://nphawks.com/sports/womens-volleyball","https://nphawks.com/sports/womens-volleyball/roster","State University of New York Athletic Conference"
"State University of New York at Oswego","New York","https://oswegolakers.com/sports/womens-volleyball","https://oswegolakers.com/sports/womens-volleyball/roster","State University of New York Athletic Conference"
"State University of New York at Potsdam","New York","https://potsdambears.com/index.aspx?path=wvball","https://potsdambears.com/sports/womens-volleyball/roster","State University of New York Athletic Conference"
"State University of New York at Fredonia","New York","https://fredoniabluedevils.com/sports/womens-volleyball","https://fredoniabluedevils.com/sports/womens-volleyball/roster","State University of New York Athletic Conference"
"State University College at Buffalo","New York","https://buffalostateathletics.com/sports/womens-volleyball","https://buffalostateathletics.com/sports/womens-volleyball/roster","State University of New York Athletic Conference"
"State University of New York at Plattsburgh","New York","https://gocardinalsports.com/index.aspx?path=wvball","https://gocardinalsports.com/sports/womens-volleyball/roster","State University of New York Athletic Conference"
"Marymount University","Virginia","https://www.marymountsaints.com/sports/wvball/index","https://www.marymountsaints.com/sports/wvball/2021-22/roster","Atlantic East Conference"
"Neumann University","Pennsylvania","https://www.neumannathletics.com/sports/womens-volleyball","https://www.neumannathletics.com/sports/womens-volleyball/roster","Atlantic East Conference"
"Cabrini University","Pennsylvania","https://cabriniathletics.com/index.aspx?path=wvball","https://cabriniathletics.com/sports/womens-volleyball/roster","Atlantic East Conference"
"Marywood University","Pennsylvania","https://marywoodpacers.com/sports/womens-volleyball","https://marywoodpacers.com/roster.aspx?path=wvball","Atlantic East Conference"
"Gwynedd Mercy University","Pennsylvania","https://gwyneddathletics.com/sports/womens-volleyball","https://gwyneddathletics.com/sports/womens-volleyball/roster","Atlantic East Conference"
"Wesley College","Delaware","https://gowesleyathletics.com/sports/wvball/index","https://gowesleyathletics.com/sports/wvball/2021-22/roster","Atlantic East Conference"
"Immaculata University","Pennsylvania","https://gomightymacs.com/sports/womens-volleyball","https://gomightymacs.com/sports/womens-volleyball/roster","Atlantic East Conference"
"Claremont-Mudd-Scripps","California","https://www.cmsathletics.org/sports/wvball/index","https://www.cmsathletics.org/sports/wvball/2021-22/roster","Southern California Intercollegiate Athletic Conference"
"California Lutheran University","California","http://www.clusports.com/sports/wvball/index","http://www.clusports.com/sports/wvball/2021-22/roster","Southern California Intercollegiate Athletic Conference"
"Chapman University","California","https://www.chapmanathletics.com/sports/wvball/index","https://www.chapmanathletics.com/sports/wvball/2021-22/roster","Southern California Intercollegiate Athletic Conference"
"University of La Verne","California","https://www.leopardathletics.com/sports/wvball/index","https://www.leopardathletics.com/sports/wvball/2021-22/roster","Southern California Intercollegiate Athletic Conference"
"Pomona-Pitzer","California","https://www.sagehens.com/sports/wvball/index","https://www.sagehens.com/sports/wvball/2021-22/roster","Southern California Intercollegiate Athletic Conference"
"Whittier College","California","https://www.wcpoets.com/sports/wvball/index","https://www.wcpoets.com/sports/wvball/2021-22/roster","Southern California Intercollegiate Athletic Conference"
"University of Redlands","California","https://www.goredlands.com/sports/wvball/index","https://www.goredlands.com/sports/wvball/2021-22/roster","Southern California Intercollegiate Athletic Conference"
"Occidental College","California","https://www.oxyathletics.com/sports/wvball/index","https://www.oxyathletics.com/sports/wvball/2021-22/roster","Southern California Intercollegiate Athletic Conference"
"California Institute of Technology","California","https://www.gocaltech.com/sports/wvball/index","https://www.gocaltech.com/sports/wvball/2021-22/roster","Southern California Intercollegiate Athletic Conference"
"Eastern Connecticut State University","Connecticut","https://www.gowarriorathletics.com/sports/wvball/index","https://gowarriorathletics.com/sports/womens-volleyball/roster?path=wvball","Little East Conference"
"Western Connecticut State University","Connecticut","https://westconnathletics.com/sports/wvball/index","https://westconnathletics.com/sports/womens-volleyball/roster?path=wvball","Little East Conference"
"Plymouth State University","New Hampshire","http://athletics.plymouth.edu/sports/wvball/index","https://athletics.plymouth.edu/sports/wvball/roster?path=wvball","Little East Conference"
"University of Massachusetts - Boston","Massachusetts","https://www.beaconsathletics.com/sports/w-volley/index","https://www.beaconsathletics.com/sports/womens-volleyball/roster","Little East Conference"
"Keene State College","New Hampshire","https://www.keeneowls.com/sports/wvball/index","https://keeneowls.com/sports/wvball/roster","Little East Conference"
"University of Southern Maine","Maine","https://www.southernmainehuskies.com/sports/wvball/index","https://southernmainehuskies.com/sports/wvball/roster","Little East Conference"
"University of Massachusetts - Darmouth","Massachusetts","https://www.corsairathletics.com/sports/w-volley/index","https://corsairathletics.com/sports/womens-volleyball/roster","Little East Conference"
"Rhode Island College","Rhode Isaland","https://goanchormen.com/sports/wvball/index","https://goanchormen.com/sports/wvball/2021-22/roster","Little East Conference"
"Castleton University","Vermont","https://www.castletonsports.com/sports/wvball/index","https://www.castletonsports.com/sports/wvball/2021-22/roster","Little East Conference"
"Susquehanna University","Pennsylvania","https://suriverhawks.com/sports/womens-volleyball","https://suriverhawks.com/sports/womens-volleyball/roster","Landmark Conference"
"Juniata College","Pennsylvania","https://www.juniatasports.net/sports/wvball/index","https://www.juniatasports.net/sports/wvball/2021-22/roster","Landmark Conference"
"Elizabethtown College","Pennsylvania","https://etownbluejays.com/sports/womens-volleyball","https://etownbluejays.com/sports/womens-volleyball/roster","Landmark Conference"
"University of Scranton","Pennsylvania","https://athletics.scranton.edu/sports/wvball/index","https://athletics.scranton.edu/sports/wvball/2021-22/roster","Landmark Conference"
"Catholic University of America","Washington, D.C.","https://www.catholicathletics.com/sports/wvball/index","https://www.catholicathletics.com/sports/wvball/2021-22/roster","Landmark Conference"
"Moravian College","Pennsylvania","https://www.moraviansports.com/sports/wvball/index","https://www.moraviansports.com/sports/wvball/2021-22/roster","Landmark Conference"
"Goucher College","Pennsylvania","https://athletics.goucher.edu/sports/wvball/index","https://athletics.goucher.edu/sports/wvball/2021-22/roster","Landmark Conference"
"State University of New York at Morrisville","New York","https://morrisvillemustangs.com/sports/womens-volleyball","https://morrisvillemustangs.com/sports/womens-volleyball/roster","North Eastern Athletic Conference"
"Pennsylvania State University at Abington","Pennsylvania","https://abingtonsports.com/sports/womens-volleyball","https://abingtonsports.com/sports/womens-volleyball/roster","North Eastern Athletic Conference"
"Pennsylvania State University at Harrisburg","Pennsylvania","http://athletics.hbg.psu.edu/sports/wvball/index","http://athletics.hbg.psu.edu/sports/wvball/2021-22/roster","North Eastern Athletic Conference"
"Pennsylvania State University at Berks","Pennsylvania","https://psuberksathletics.com/sports/womens-volleyball","https://psuberksathletics.com/sports/womens-volleyball/roster","North Eastern Athletic Conference"
"Lancaster Bible College","Pennsylvania","https://lbcchargers.com/index.aspx?path=wvball","https://lbcchargers.com/roster.aspx?path=wvball","North Eastern Athletic Conference"
"Wells College","New York","https://lbcchargers.com/roster.aspx?path=wvball","https://www.wells-express.com/sports/wvball/2021-22/roster","North Eastern Athletic Conference"
"Gallaudet University","Washington, D.C.","https://www.gallaudetathletics.com/sports/wvball/index","https://www.gallaudetathletics.com/sports/wvball/2021-22/roster","North Eastern Athletic Conference"
"State University of New York Polytechnic Institute","New York","http://wildcats.sunypoly.edu/sports/wvball/index","http://wildcats.sunypoly.edu/sports/wvball/2021-22/roster","North Eastern Athletic Conference"
"Keuka College","New York","http://www.keukaathletics.com/sports/wvball/index","http://www.keukaathletics.com/sports/wvball/2021-22/roster","North Eastern Athletic Conference"
"State University of New York College at Cobleskill","New York","https://fightingtigers.cobleskill.edu/index.aspx?path=wvball","https://fightingtigers.cobleskill.edu/roster.aspx?path=wvball","North Eastern Athletic Conference"
"Cazenovia College","New York","https://cazenoviawildcats.com/index.aspx?path=wvball","https://cazenoviawildcats.com/sports/womens-volleyball/roster","North Eastern Athletic Conference"
"Pennsylvania College of Technology","Pennsylvania","https://cazenoviawildcats.com/index.aspx?path=wvball","https://pctwildcats.com/sports/womens-volleyball/roster","North Eastern Athletic Conference"
"Salisbury University","Maryland","https://www.suseagulls.com/sports/wvball/index","https://www.suseagulls.com/sports/wvball/2021-22/roster","Capital Athletic Conference"
"Christopher Newport University","Virginia","https://www.cnusports.com/sports/womens-volleyball","https://www.cnusports.com/sports/womens-volleyball/roster","Capital Athletic Conference"
"Saint Mary's College of Maryland","Maryland","https://www.smcmathletics.com/sports/wvball/index","https://smcmathletics.com/sports/womens-volleyball/roster/2021","Capital Athletic Conference"
"York College - Pennsylvania","Pennsylvania","https://www.ycpspartans.com/sports/wvball/index","https://ycpspartans.com/sports/womens-volleyball/roster?path=wvball","Capital Athletic Conference"
"University of Mary Washington","Virginia","https://umweagles.com/sports/wvball/index","https://umweagles.com/sports/wvball/2021-22/roster","Capital Athletic Conference"
"Southern Virginia University","Virginia","http://athletics.svu.edu/sports/wvball/index","http://athletics.svu.edu/sports/wvball/2021-22/roster","Capital Athletic Conference"
"Endicott College","Massachusetts","https://www.ecgulls.com/sports/wvball/index","https://www.ecgulls.com/sports/wvball/index#roster","Commonwealth Coast Conference"
"Roger Williams University","Rhode Isaland","https://rwuhawks.com/sports/womens-volleyball","https://rwuhawks.com/sports/womens-volleyball/roster","Commonwealth Coast Conference"
"Wentworth Institute of Technology","Massachusetts","https://www.wentworthathletics.com/sports/wvball/index","https://www.wentworthathletics.com/sports/wvball/2021-22/roster","Commonwealth Coast Conference"
"Salve Regina University","Rhode Isaland","https://www.salveathletics.com/sports/wvball/index","https://www.salveathletics.com/sports/wvball/2021-22/roster","Commonwealth Coast Conference"
"University of New England","Maine","https://athletics.une.edu/sports/womens-volleyball","https://athletics.une.edu/sports/womens-volleyball/roster","Commonwealth Coast Conference"
"Gordon College","Massachusetts","https://athletics.gordon.edu/sports/womens-volleyball","https://athletics.gordon.edu/sports/womens-volleyball/roster","Commonwealth Coast Conference"
"Western New England University","Massachusetts","http://www.wnegoldenbears.com/sports/wvball/index","http://www.wnegoldenbears.com/sports/wvball/2021-22/roster","Commonwealth Coast Conference"
"Nichols College","Massachusetts","https://nicholsathletics.com/sports/womens-volleyball","https://nicholsathletics.com/sports/womens-volleyball/roster","Commonwealth Coast Conference"
"Curry College","Massachusetts","https://www.curryathletics.com/sports/wvball/index","https://www.curryathletics.com/sports/wvball/2021-22/roster","Commonwealth Coast Conference"
"Stevens Institute of Technology","New Jersey","https://stevensducks.com/sports/womens-volleyball","https://stevensducks.com/sports/womens-volleyball/roster","MAC Freedom Conference"
"Eastern University","Pennsylvania","https://goeasterneagles.com/sports/womens-volleyball","https://goeasterneagles.com/sports/womens-volleyball/roster","MAC Freedom Conference"
"DeSales University","Pennsylvania","https://athletics.desales.edu/sports/womens-volleyball","https://athletics.desales.edu/sports/womens-volleyball/roster","MAC Freedom Conference"
"Misericordia University","Pennsylvania","https://athletics.misericordia.edu/sports/womens-volleyball","https://athletics.misericordia.edu/sports/womens-volleyball/roster","MAC Freedom Conference"
"King's College","Pennsylvania","https://kingscollegeathletics.com/index.aspx?path=wvball","https://kingscollegeathletics.com/sports/womens-volleyball/roster","MAC Freedom Conference"
"Wilkes University","Pennsylvania","https://gowilkesu.com/index.aspx?path=wvball","https://gowilkesu.com/sports/womens-volleyball/roster","MAC Freedom Conference"
"Fairleigh Dickinson University - Florham","New Jersey","https://fdudevils.com/sports/womens-volleyball","https://fdudevils.com/sports/womens-volleyball/roster","MAC Freedom Conference"
"Delaware Valley University","Pennsylvania","https://athletics.delval.edu/index.aspx?path=wvball","https://athletics.delval.edu/sports/womens-volleyball/roster","MAC Freedom Conference"
"Manhattanville College","New York","https://govaliants.com/index.aspx?path=wvball","https://govaliants.com/sports/womens-volleyball/roster","Skyline Conference"
"United States Merchant Marine Academy","New York","https://www.usmmasports.com/sports/wvball/index","https://www.usmmasports.com/sports/wvball/roster?path=wvball","Skyline Conference"
"College of Mount St. Vincent","New York","https://cmsvathletics.com/sports/womens-volleyball","https://cmsvathletics.com/sports/womens-volleyball/roster","Skyline Conference"
"St. Joseph's College - Long Island","New York","https://www.sjcgoldeneagles.com/sports/wvball/index","https://www.sjcgoldeneagles.com/sports/wvball/2021-22/roster","Skyline Conference"
"Farmingdale State College","New York","http://www.farmingdalesports.com/sports/wvball/index","http://www.farmingdalesports.com/sports/wvball/2021-22/roster","Skyline Conference"
"Mount St. Mary College","New York","https://msmcknights.com/index.aspx?path=wvball","https://msmcknights.com/sports/womens-volleyball/roster","Skyline Conference"
"Sarah Lawrence College","New York","https://gogryphons.com/index.aspx?path=wvball","https://gogryphons.com/sports/womens-volleyball/roster","Skyline Conference"
"St. Joseph's College - Brooklyn","New York","https://www.sjcbears.com/sports/wvball/index","https://www.sjcbears.com/sports/wvball/2021-22/roster","Skyline Conference"
"State University of New York at Old Westbury","New York","https://www.oldwestburypanthers.com/index.aspx?path=wvball","https://www.oldwestburypanthers.com/roster.aspx?path=wvball","Skyline Conference"
"State University of New York Maritime College","New York","https://maritimeathletics.com/index.aspx?path=vball","https://maritimeathletics.com/sports/womens-volleyball/roster","Skyline Conference"
"State University of New York at Purchase","New York","https://www.purchasecollegeathletics.com/schedule.aspx?path=wvball","https://www.purchasecollegeathletics.com/roster.aspx?path=wvball","Skyline Conference"
"Yeshiva University","New York","https://yumacs.com/index.aspx?path=wvball","https://yumacs.com/sports/womens-volleyball/roster","Skyline Conference"
"Pratt Institute","New York","https://goprattgo.com/sports/womens-volleyball","https://goprattgo.com/sports/womens-volleyball/roster","American Collegiate Athletic Association"
"University of California - Santa Cruz","California","https://www.goslugs.com/sports/wvball/index","https://goslugs.com/sports/wvball/roster","American Collegiate Athletic Association"
"University of Valley Forge","Pennsylvania","https://uvfpatriots.com/index.aspx?path=wvball","https://uvfpatriots.com/roster.aspx?path=wvball","American Collegiate Athletic Association"
"Finlandia University","Michigan","https://fulions.com/sports/womens-volleyball","https://fulions.com/sports/womens-volleyball/roster","American Collegiate Athletic Association"
"Pine Manor College","Massachusetts","https://pmcathletics.com/sports/wvball/index","https://pmcathletics.com/sports/wvball/2021-22/roster","American Collegiate Athletic Association"
"Mount Mary University","Wisconsin","https://mtmaryathletics.com/sports/wvball/index","https://mtmaryathletics.com/sports/wvball/2021-22/roster","American Collegiate Athletic Association"
"Mills College","California","https://www.millscyclones.com/sports/wvball/index","https://www.millscyclones.com/sports/wvball/2021-22/roster","American Collegiate Athletic Association"
"Whitworth College","Washington","https://www.whitworthpirates.com/sports/wvball/index","https://whitworthpirates.com/sports/wvball/roster","Northwest Conference"
"Pacific University - Oregon","Oregon","https://goboxers.com/sports/womens-volleyball","https://goboxers.com/sports/womens-volleyball/roster","Northwest Conference"
"Pacific Lutheran University","Washington","https://golutes.com/sports/womens-volleyball","https://golutes.com/sports/womens-volleyball/roster","Northwest Conference"
"University of Puget Sound","Washington","https://www.loggerathletics.com/sports/wvball/index","https://loggerathletics.com/sports/womens-volleyball/roster","Northwest Conference"
"George Fox University","Oregon","https://athletics.georgefox.edu/sports/wvball/index","https://athletics.georgefox.edu/sports/womens-volleyball/roster?path=wvball","Northwest Conference"
"Willamette University","Oregon","https://www.wubearcats.com/sports/wvball/index","https://www.wubearcats.com/sports/wvball/2018-19/roster","Northwest Conference"
"Lewis & Clark College","Oregon","https://www.lcpioneers.com/sports/wvball/index","https://www.lcpioneers.com/sports/wvball/2021-22/roster","Northwest Conference"
"Whitman College","Washington","https://athletics.whitman.edu/sports/womens-volleyball","https://athletics.whitman.edu/sports/womens-volleyball/roster","Northwest Conference"
"Linfield College","Oregon","https://golinfieldwildcats.com/sports/womens-volleyball","https://golinfieldwildcats.com/sports/womens-volleyball/roster","Northwest Conference"
"Maine Maritime Academy","Maine","https://www.marinersports.org/sports/wvball/index","https://www.marinersports.org/sports/wvball/2021-22/roster","North Atlantic Conference"
"State University of New York at Canton","New York","https://rooathletics.com/index.aspx?path=wvball","https://rooathletics.com/sports/womens-volleyball/roster","North Atlantic Conference"
"Northern Vermont University - Johmson","Vermont","https://www.nvubadgers.com/sports/wvball/index","https://www.nvubadgers.com/sports/wvball/2021-22/roster","North Atlantic Conference"
"State University of New York at Delhi","New York","https://delhibroncos.com/sports/wvball/index","https://delhibroncos.com/sports/wvball/2021-22/roster","North Atlantic Conference"
"Husson University","Maine","https://www.hussoneagles.com/sports/wvball/index","https://www.hussoneagles.com/sports/wvball/2021-22/roster","North Atlantic Conference"
"University of Maine at Presque Isle","Maine","http://owls.umpi.edu/sports/wvball/index","http://owls.umpi.edu/sports/wvball/2021-22/roster","North Atlantic Conference"
"Northern Vermont University - Lyndon","Vermont","https://www.lyndonhornets.com/sports/wvball/index","https://www.lyndonhornets.com/sports/wvball/2021-22/roster","North Atlantic Conference"
"Stockton University","New Jersey","https://stocktonathletics.com/sports/womens-volleyball","https://stocktonathletics.com/sports/womens-volleyball/roster","New Jersey Athletic Conference"
"Rowan University","New Jersey","https://www.rowanathletics.com/index.aspx?path=wvball","https://www.rowanathletics.com/roster.aspx?path=wvball&","New Jersey Athletic Conference"
"Kean University","New Jersey","https://keanathletics.com/sports/womens-volleyball","https://keanathletics.com/sports/womens-volleyball/roster","New Jersey Athletic Conference"
"Montclair State University","New Jersey","https://montclairathletics.com/index.aspx?path=wvball","https://montclairathletics.com/sports/womens-volleyball/roster","New Jersey Athletic Conference"
"Ramapo College","New Jersey","https://ramapoathletics.com/index.aspx?path=wvball","https://ramapoathletics.com/sports/womens-volleyball/roster","New Jersey Athletic Conference"
"Rutgers University - Newark","New Jersey","https://rutgersnewarkathletics.com/sports/womens-volleyball","https://rutgersnewarkathletics.com/roster.aspx?path=wvball","New Jersey Athletic Conference"
"Rutgers University - Camden","New Jersey","https://scarletraptors.com/index.aspx?path=wvball","https://scarletraptors.com/sports/womens-volleyball/roster/2021","New Jersey Athletic Conference"
"William Paterson University","New Jersey","https://www.wpupioneers.com/index.aspx?path=wvball","https://www.wpupioneers.com/roster.aspx?path=wvball&","New Jersey Athletic Conference"
"New Jersey City University","New Jersey","https://njcugothicknights.com/index.aspx?path=wvball","https://njcugothicknights.com/sports/womens-volleyball/roster","New Jersey Athletic Conference"
"University of Wisconsin - Whitewater","Wisconsin","https://uwwsports.com/index.aspx?path=wvball","https://uwwsports.com/sports/womens-volleyball/roster","Wisconsin Intercollegiate Athletic Conference"
"University of Wisconsin - Stevens Point","Wisconsin","https://athletics.uwsp.edu/index.aspx?path=wvball","https://athletics.uwsp.edu/sports/womens-volleyball/roster","Wisconsin Intercollegiate Athletic Conference"
"University of Wisconsin - Eau Claire","Wisconsin","https://blugolds.com/sports/wvball/index","https://blugolds.com/sports/wvball/2018-19/roster","Wisconsin Intercollegiate Athletic Conference"
"University of Wisconsin - Oshkosh","Wisconsin","https://www.uwoshkoshtitans.com/sports/wvball/index","https://www.uwoshkoshtitans.com/sports/wvball/2021-22/roster","Wisconsin Intercollegiate Athletic Conference"
"University of Wisconsin - River Falls","Wisconsin","https://uwrfsports.com/index.aspx?path=wvball","https://uwrfsports.com/sports/womens-volleyball/roster","Wisconsin Intercollegiate Athletic Conference"
"University of Wisconsin - La Crosse","Wisconsin","https://uwlathletics.com/index.aspx?path=wvball","https://uwlathletics.com/sports/womens-volleyball/roster/2021","Wisconsin Intercollegiate Athletic Conference"
"University of Wisconsin - Platteville","Wisconsin","https://letsgopioneers.com/sports/wvball/index","https://letsgopioneers.com/sports/wvball/2021-22/roster","Wisconsin Intercollegiate Athletic Conference"
"University of Wisconsin - Stout","Wisconsin","https://athletics.uwstout.edu/index.aspx?path=wvball","https://athletics.uwstout.edu/roster.aspx?path=wvball","Wisconsin Intercollegiate Athletic Conference"
