Institution,State,Link,Roster,Region
Arizona Western College,Arizona,https://www.awcmatadors.com/volleyball,https://www.awcmatadors.com/volleyball/volleyball-roster,Region 1
Eastern Arizona College,Arizona,http://eacmonsters.com/vbSchedule.asp,http://www.eacmonsters.com/vbSchedule.asp#roster,Region 1
Yavapai College,Arizona,https://goroughriders.com/index.aspx?path=wvball,https://goroughriders.com/sports/womens-volleyball/roster,Region 1
Malcolm X College,Illinois,https://citycollegesofchicagoathletics.com/index.aspx?path=wvball,https://citycollegesofchicagoathletics.com/sports/2019/8/20/MXVB2019.aspx?id=169&,Region 4
Cisco College,Texas,https://www.wranglersports.net/sports/wvball/index,https://www.wranglersports.net/sports/wvball/2019-20/roster,Region 5
Clarendon College,Texas,https://athletics.clarendoncollege.edu/Volleyball,https://athletics.clarendoncollege.edu/volleyballroster,Region 5
Frank Phillips College,Texas,https://fpctx.edu/athletics/volleyball/,https://fpctx.edu/athletics/volleyball/,Region 5
Hill College,Texas,https://www.hillcollege.edu/Athletics/Volleyball/index.html,https://www.hillcollege.edu/Athletics/Volleyball/Roster.html,Region 5
Midland College,Texas,https://www.gochaps.com/sports/wvball/index,https://www.gochaps.com/sports/wvball/2021-22/roster,Region 5
New Mexico Junior College,New Mexico,https://www.nmjcthunderbirds.com/sports/wvball/index,https://www.nmjcthunderbirds.com/sports/wvball/2019-20/roster,Region 5
New Mexico Military Institute,New Mexico,https://www.nmmiathletics.com/sports/wvball/index,https://www.nmmiathletics.com/sports/wvball/2019-20/roster,Region 5
North Central Texas College,Texas,https://www.nctcathletics.com/sports/wvball/index,https://www.nctcathletics.com/sports/wvball/2019-20/roster,Region 5
Odessa College,Texas,https://www.wranglersports.com/sports/wvball/index,https://www.wranglersports.com/sports/wvball/2019-20/roster?view=list,Region 5
Ranger College,Texas,https://www.rangersports.net/sports/wvball/index,https://www.rangersports.net/sports/wvball/2019-20/roster,Region 5
Temple College,Texas,https://www.tcleopards.com/sports/wvball/index,https://www.tcleopards.com/sports/wvball/2019-20/roster,Region 5
Vernon College,Texas,http://www.vernoncollege.edu/volleyballhomepage,https://www.vernoncollege.edu/volleyballroster,Region 5
Western Texas College,Texas,https://www.wtcathletics.com/sports/wvball/index,https://www.wtcathletics.com/sports/wvball/2019-20/roster,Region 5
Barton Community College,Kansas,https://www.bartonsports.com/sports/wvball/index,https://www.bartonsports.com/sports/wvball/2019-20/roster,Region 6
Butler Community College,Kansas,https://www.butlergrizzlies.com/sports/wvball/index,https://www.butlergrizzlies.com/sports/wvball/2019-20/roster,Region 6
Colby Community College,Kansas,https://www.colbytrojans.com/sports/wvball/index,https://www.colbytrojans.com/sports/wvball/2019-20/roster,Region 6
Dodge City Community College,Kansas,https://goconqs.com/index.aspx?path=wvball,https://goconqs.com/roster.aspx?path=wvball,Region 6
Garden City Community College,Kansas,https://www.gobroncbusters.com/sports/wvball/index,https://www.gobroncbusters.com/sports/wvball/2019-20/roster,Region 6
Hutchinson Community College,Kansas,https://www.bluedragonsports.com/sports/wvball/index,https://www.bluedragonsports.com/sports/wvball/2019-20/roster,Region 6
Independence Community College,Kansas,https://www.indypirates.com/sports/wvball/index,Missing,Region 6
Pratt Community College,Kansas,https://www.gobeaversports.com/sports/wvball/index,https://www.gobeaversports.com/sports/wvball/2019-20/roster,Region 6
Seward County Community College,Kansas,https://sewardsaints.com/sports/wvball/index,https://sewardsaints.com/sports/wvball/2019-20/roster,Region 6
Broward College,Florida,http://www.broward.edu/studentlife/athletics/Pages/Women-Volleyball.aspx,http://www.broward.edu/studentlife/athletics/Pages/Women-Volleyball.aspx,Region 8
Daytona State College,Florida,https://dscfalcons.com/sports/wvball/index,https://dscfalcons.com/sports/wvball/2019-20/roster,Region 8
Eastern Florida State College,Florida,https://www.efsctitans.com/sports/wvball/index,https://www.efsctitans.com/sports/wvball/2019-20/roster,Region 8
Florida SouthWestern State College,Florida,https://www.fswbucs.com/sports/wvball/index,https://www.fswbucs.com/sports/wvball/2019-20/roster,Region 8
Florida State College at Jacksonville,Florida,https://www.gobluewave.com/sports/wvball/index,https://www.gobluewave.com/sports/wvball/2019-20/roster,Region 8
Hillsborough Community College,Florida,https://hillsboroughcc.prestosports.com/sports/wvball/index,https://hillsboroughcc.prestosports.com/sports/wvball/2019-20/roster,Region 8
Indian River State College,Florida,https://irsc.prestosports.com/sports/wvball/index,https://irsc.prestosports.com/sports/wvball/2019-20/roster,Region 8
Miami Dade College,Florida,https://www.mdcathletics.com/sports/wvball/index,https://www.mdcathletics.com/sports/wvball/2019-20/roster,Region 8
Palm Beach State College,Florida,https://www.pbscpanthers.com/sports/wvball/index,https://www.pbscpanthers.com/sports/wvball/2019-20/roster,Region 8
Pensacola State College,Florida,https://athletics.pensacolastate.edu/sports/wvball/index,https://athletics.pensacolastate.edu/sports/wvball/2019-20/roster,Region 8
Polk State College,Florida,https://polkeagles.com/sports/wvball/index,https://polkeagles.com/sports/wvball/2019-20/roster,Region 8
Santa Fe College,Florida,https://www.santafesaints.com/sports/wvball/index,https://www.santafesaints.com/sports/wvball/2019-20/roster,Region 8
St. Petersburg College,Florida,http://athletics.spcollege.edu/sports/wvball/index,http://athletics.spcollege.edu/sports/wvball/2019-20/roster,Region 8
State College of Florida,Florida,https://www.scfmanatees.com/sports/wvball/index,https://www.scfmanatees.com/sports/wvball/2019-20/roster,Region 8
Casper College,Wyoming,https://www.tbirds.cc/sports/wvball/index,https://www.tbirds.cc/sports/wvball/2019-20/roster,Region 9
Central Wyoming College,Wyoming,https://rustlerathletics.com/sports/wvball/index,https://rustlerathletics.com/sports/wvball/2019-20/roster,Region 9
Eastern Wyoming College,Wyoming,http://ewcathletics.com/sports/wvball/index,http://ewcathletics.com/sports/wvball/2019-20/roster,Region 9
Lamar Community College,Wyoming,https://www.golopes.com/sports/wvball/index,https://www.golopes.com/sports/wvball/2019-20/roster,Region 9
Laramie County Community College,Wyoming,https://www.golccc.com/sports/wvball/index,https://www.golccc.com/sports/wvball/2019-20/roster,Region 9
McCook Community College,Nebraska,https://mccindians.com/sports/wvball/index,https://mccindians.com/sports/wvball/index,Region 9
Northeastern Junior College,Colorado,https://www.gonjc.com/sports/wvball/index,https://www.gonjc.com/sports/wvball/2019-20/roster,Region 9
Northwest College,Wyoming,https://nwc.edu/volleyball/index.html,https://nwc.edu/volleyball/roster/,Region 9
Otero Junior College,Colorado,https://www.ojc.edu/athletics/volleyball/,https://www.oterorattlers.com/sports/wvball/2019-20/roster,Region 9
Sheridan College,Wyoming,https://www.scgenerals.com/sports/wvball/index,https://www.scgenerals.com/sports/wvball/2019-20/roster?view=list,Region 9
Trinidad State Junior College,Colorado,https://tsctrojans.com/sports/wvball/index,https://tsctrojans.com/sports/wvball/2021-22/roster,Region 9
Western Nebraska Community College,Nebraska,https://wnccathletics.com/sports/wvball/index,https://wnccathletics.com/sports/wvball/2019-20/roster,Region 9
Western Wyoming Community College,Wyoming,https://www.westernwyoming.edu/mustang-athletics/womens-sports/volleyball/,https://www.westernwyoming.edu/mustang-athletics/womens-sports/volleyball/roster.php,Region 9
Richard Bland College,Virginia,https://www.rbcathletics.com/sports/wvball/index,https://www.rbcathletics.com/sports/wvball/2019-20/roster,Region 10
Spartanburg Methodist,South Carolina,https://www.gosmcpioneers.com/sports/wvball/index,https://www.gosmcpioneers.com/sports/wvball/2019-20/roster,Region 10
Indian Hills Community College,Iowa,https://indianhills.prestosports.com/sports/wvball/index,https://indianhills.prestosports.com/sports/wvball/2019-20/roster,Region 11
Iowa Western Community College,Iowa,https://www.goreivers.com/sports/wvball/index,https://www.goreivers.com/sports/wvball/2019-20/roster,Region 11
Marshalltown Community College,Iowa,https://www.mccathletics.com/sports/wvball/index,https://www.mccathletics.com/sports/wvball/2019-20/roster,Region 11
Blinn College,Texas,https://www.buccaneersports.com/sports/wvball/index,https://www.buccaneersports.com/sports/wvball/2019-20/roster,Region 14
Coastal Bend College,Texas,https://cbc.prestosports.com/sports/wvball/index,https://cbc.prestosports.com/sports/wvball/2019-20/roster,Region 14
Laredo College,Texas,https://laredo.prestosports.com/sports/wvball/index,https://laredo.prestosports.com/sports/wvball/2019-20/roster,Region 14
Lee College,Texas,http://www.lee.edu/athletics/volleyball/,http://www.lee.edu/athletics/volleyball/players/,Region 14
Navarro College,Texas,https://laredo.prestosports.com/sports/wvball/index,https://navarrobulldogs.com/sports/wvball/2021-22/roster,Region 14
Panola College,Texas,https://www.panolaathletics.com/sports/wvball/index,https://www.panolaathletics.com/sports/wvball/2019-20/roster,Region 14
Trinity Valley Community College,Texas,https://www.tvccsports.com/sports/wvball/index,https://www.tvccsports.com/sports/wvball/2019-20/roster,Region 14
Tyler Junior College,Texas,http://www.apacheathletics.com/sport/0/3,http://www.apacheathletics.com/roster/15/3,Region 14
Victoria College,Texas,https://www.vcpirates.com/sports/wvball/index,https://www.vcpirates.com/sports/wvball/2019-20/roster,Region 14
Wharton County Junior College,Texas,https://www.wcjc.edu/Programs/athletics/volleyball/,https://www.wcjc.edu/Programs/athletics/volleyball/,Region 14
Monroe College,New York,https://www.monroecollegemustangs.com/index.aspx?path=wvball,https://www.monroecollegemustangs.com/sports/womens-volleyball/roster,Region 15
Jefferson Community College (Missouri),Missouri,https://www.jeffco.edu/volleyball,https://www.wcjc.edu/Programs/athletics/volleyball/,Region 16
Mineral Area College,Missouri,https://mineralarea.edu/athletics/womens-volleyball/,https://mineralarea.edu/athletics/womens-volleyball/roster/,Region 16
Missouri State University-West Plains,Missouri,https://msuwpgrizzlies.com/sports/wvball/index,https://msuwpgrizzlies.com/sports/wvball/2019-20/roster,Region 16
Andrew College,Georgia,https://andrew.prestosports.com/sports/wvball/index,https://andrew.prestosports.com/sports/wvball/2019-20/roster,Region 17
Colorado Northwestern Community College,Colorado,https://athletics.cncc.edu/index.aspx?path=wvball,https://athletics.cncc.edu/roster.aspx?path=wvball,Region 18
Great Basin College,Nevada,Missing,Missing,Region 18
Salt Lake Community College,Utah,https://slccbruins.com/index.aspx?path=wvball,https://slccbruins.com/sports/womens-volleyball/roster/2019,Region 18
Snow College,Utah,https://snowbadgers.com/index.aspx?path=wvball,https://snowbadgers.com/roster.aspx?path=wvball,Region 18
College of Southern Idaho,Idaho,https://athletics.csi.edu/index.aspx?path=wvball,https://athletics.csi.edu/sports/womens-volleyball/roster,Region 18
College of Southern Nevada,Nevada,https://csncoyotes.com/index.aspx?path=volleyball,https://csncoyotes.com/sports/womens-volleyball/roster,Region 18
Utah State University Eastern,Utah,https://usueasternathletics.com/index.aspx?path=wvball,https://usueasternathletics.com/sports/womens-volleyball/roster,Region 18
Harford Community College,Maryland,https://harfordathletics.com/index.aspx?path=wvball,https://harfordathletics.com/sports/womens-volleyball/roster,Region 20
Bevill State Community College,Alabama,https://www.athletics.bscc.edu/,https://www.athletics.bscc.edu/volleyball-roster,Region 22
Coastal Alabama Community College - Bay Minette,Alabama,http://www.coastalsunchiefs.com/sports/wvball/index,http://www.coastalsunchiefs.com/sports/wvball/2019-20/roster,Region 22
Coastal Alabama Community College - Brewton,Alabama,http://www.coastalwarhawks.com/sports/wvball/index,http://www.coastalwarhawks.com/sports/wvball/2019-20/roster,Region 22
Gadsden State Community College,Alabama,https://www.gadsdenstate.edu/student-life/cardinal-volleyball.cms,https://www.gadsdenstate.edu/student-life/cardinal-volleyball.cms,Region 22
Lawson State Community College,Alabama,http://www.lawsonstate.edu/athletics/womens_volleyball.aspx,http://www.lawsonstate.edu/athletics/womens_volleyball/volleyball_roster.aspx,Region 22
Snead State Community College,Alabama,https://sneadathletics.com/sports/wvball/index,https://sneadathletics.com/sports/wvball/2019-20/roster,Region 22
Southern Union College,Alabama,https://www.suscc.edu/athletics/volleyball.cms,https://www.suscc.edu/athletics/volleyball-roster.cms,Region 22
Wallace State Community College,Alabama,https://athletics.wallacestate.edu/team/volleyball/,https://www.njcaa.org/sports/wvball/2019-20/div1/teams/wallacestatecommunitycollegehancevil?view=roster,Region 22
Wallace State Community College Selma,Alabama,https://www.wccs.edu/college-frontpage-home/athletics/womens-volleyball/,https://www.njcaa.org/sports/wvball/2019-20/div1/teams/wallacecommunitycollegeselma?view=roster,Region 22
Pearl River Community College,Mississippi,http://www.prccathletics.com/sports/wvball/index,http://www.prccathletics.com/sports/wvball/2019-20/roster,Region 23
John A. Logan College,Illinois,https://www.loganvols.com/sports/wvball/index,https://www.loganvols.com/sports/wvball/2019-20/roster,
Kaskaskia College,Illinois,https://www.kaskaskiaathletics.com/sports/wvball/index,https://www.kaskaskiaathletics.com/sports/wvball/2019-20/roster,
Lake Land College,Illinois,https://www.lakelandcollege.edu/athletics/volleyball/,https://www.lakelandcollege.edu/athletics/laker-volleyball-roster/,
Shawnee Community College,Illinois,https://www.shawneecc.edu/athletics/volleyball,https://www.shawneecc.edu/athletics/volleyball,
Vincennes University,Indiana,https://www.vinu.edu/web/athletics/volleyball,https://www.vinu.edu/web/athletics/volleyball/roster,
Wabash Valley College,Illinois,https://www.wvcwarriorathletics.com/sports/wvball/index,https://www.wvcwarriorathletics.com/sports/wvball/2018-19/roster,